,PC_1,PC_2,PC_3,PC_4,PC_5,PC_6,PC_7,PC_8,PC_9,PC_10,PC_11,PC_12,PC_13,PC_14,PC_15,PC_16,PC_17
price_mean_lag1,-0.039602930709753896,0.2140122276958991,-0.05735915218992533,-0.027031939512039246,0.0034613728268077324,0.012950461135899581,-0.018974050511357008,-0.032322790529759025,-0.022055257726392587,-0.00967422325463517,-0.0062938034835060466,-0.010769492760500966,0.01485277025210831,0.014112344838547607,-0.008944258251916543,0.0006287462645148755,0.007454476984722847
price_std_lag1,-0.0288856812802,-0.04274470559102994,0.014194827093444246,-0.1851470029840826,-0.07937207028653391,-0.011161438936804621,-0.2210769207016356,-0.20789732349540463,0.2771373627553379,-0.14318797268726355,-0.15545337230278936,-0.08474105219452675,-0.04824153809204478,0.019433718682035122,0.17928216449489465,0.15125983109920885,-0.04182302696628728
price_min_lag1,-0.02941503892210151,0.1892597756369409,-0.03653951600517591,0.028447420262643908,0.028840650409191492,0.02136063834719533,0.07412878914235443,0.06158433929885167,-0.19151888817516877,0.022356347366707337,0.11519553721678819,0.015654119343316748,-0.016564811875945978,-0.013191785520937466,-0.0818052080006431,-0.041442603894696346,0.04613416718275766
price_range_lag1,-0.03162699324801965,-0.02815706383024663,-0.005169666011195617,-0.18235086224103564,-0.08086079758723003,-0.011409150124474687,-0.17793017530664093,-0.26065719480410815,0.27807917764945844,-0.12662961023577052,-0.13750818170793158,-0.12757414326310007,-0.026430259500083784,0.0394362820086156,0.2266760652775572,0.16894417134030743,-0.026561337359782146
pivot_hour_peak_lag1,-0.08926760098736107,-0.05794184323911118,0.08122326084705178,-0.10876369563213506,0.0644852856285747,-0.02684247654943972,-0.15473522689298214,0.0184592773778664,-0.13512131552720785,0.2482552036661963,-0.006100770060609842,0.10742084042302538,-0.14284952939399162,0.03619876743175132,-0.0690413816656835,-0.09444357218661605,0.13583854059411768
pivot_hour_trough_lag1,0.011922592501157467,0.014380464726128634,-0.13268289275217557,0.11732153549378543,-0.005812619719634364,0.025156703292571025,0.23302326027912368,-0.16699483773182777,0.1902105477457076,0.1221698450841057,0.062141463452073664,-0.020200338658108996,-0.05044297723708588,-0.04747707300146553,0.10170616823506244,0.03513631994997993,0.03302911075127958
pivot_peak_sin,0.09357226521581437,0.0463076486672415,-0.08674454068284178,0.11443533199480194,-0.06967493597020849,0.02694751321002417,0.13691489873110232,-0.005466523211623886,0.12965897711516028,-0.2542017012430233,0.03827168759121097,-0.09422265102140157,0.19925162277680425,-0.04464454114220594,0.037599982808793384,0.1138604795182116,-0.18051018195402646
pivot_peak_cos,-0.02862244868605274,-0.05584885593396535,-0.13993587602326174,-0.01898322340657571,-0.005446599447242587,-0.003453401634071429,-0.004935498956380846,0.06142633176505413,0.16782112021530826,0.02797443866308638,0.15497897246295758,0.16853130118230647,0.05138189713673477,0.04625569378035094,-0.2062402720787924,0.1997330756897454,-0.2150105364948728
pivot_trough_sin,-0.0007605251464334193,-0.02212878534677893,0.15316541020505003,-0.12007998101712865,0.028869270883059905,0.008784866303196193,-0.14751466888782702,0.19294660449027545,-0.15728593390025325,-0.006768358995594442,-0.1234595402990064,0.018827519632257733,0.0267812965785576,0.1263477440858856,0.01829200050936214,-0.03286060739395872,0.08693922674882783
pivot_trough_cos,0.10842734118860689,0.06426636081761215,0.1204798259381809,0.04133193869729539,0.016121748611118064,0.06284279307191448,-0.02827684631705986,-0.09059839282440729,-0.08407373316805566,-0.11517636957392641,0.015452902395663121,0.07544838015577054,-0.00392641172608503,-0.11271106191403893,-0.028799599923638633,0.11493743174210033,-0.059499485220220714
price_roll3_mean,-0.010524887195246484,0.17163946095468338,-0.07177412122038092,0.06943713569168714,0.05006780553152104,-0.03280794392686531,-0.003234842658348447,-0.05836872818138096,0.09809542829232235,0.0493999790232173,-0.07509726931701982,0.1184185806193554,-0.24412677793727533,-0.054235883179054534,0.08751725685066684,-0.03891138083349267,0.009208584774323408
price_roll7_mean,0.02353233632383263,0.1441688531102762,-0.05926889439147769,0.0444070549344527,0.038327781736706534,-0.04579775768312566,-0.07794509008023376,0.029313230021796532,0.14905409855923218,0.16300713348481835,-0.08847046886327514,0.19961093246912232,-0.24070816788624091,0.012433414484555039,0.07584785009100639,-0.008256680123534175,-0.0634119774525617
ttf_lag1,0.10473210653725247,0.09023470908188601,0.06332594312079497,0.016315723354800013,0.11759160825198377,0.04151439268812753,-0.12624674898977847,-0.06269417450119544,0.22308678831621298,-0.07672858454870635,0.04899610155204884,0.08449986770348422,0.05551913746498367,-0.07153326320920395,0.026081090185311823,-0.29260152570467296,0.03343042491184231
ttf_return_1d,-0.011260228965835279,-0.021457765343781535,-0.003325321725311342,-0.07001946363806107,0.13476768999968008,0.3475935715414508,0.04689857569760321,0.018571806949711004,0.07931351746266,0.0822530463053418,0.01653174086245964,-0.07974426115156419,0.00553195742648982,0.016722952617379327,-0.009312638000668422,0.018998003523611525,0.10917394138490193
ttf_return_3d,-0.028496384343105457,-0.021923375914426793,-0.011583676351635114,-0.10231466743581878,0.09647332522725971,0.3119046316874903,-0.017342072461703967,-0.008698876244927663,0.013335635269838598,0.08901549418761735,0.2192684794516286,0.054131569129764356,0.11423773408795562,-0.08327370298025452,0.17744096463728898,-0.1124803103301115,0.1751509101186954
ttf_roll7_std,0.019308043167857745,0.03345437923324236,-0.009003049968903287,-0.06687119742506928,0.07670832948412704,0.008692343193698632,-0.03814961144787809,-0.07126091796465465,0.17833791258458656,0.1705045903395772,0.12867216954379265,0.5131783881000949,0.18330762388437905,-0.08577791014573792,0.04283200110359038,0.0876567051819344,-0.02299703437664019
co2_lag1,-0.04231246797591684,0.008797344601956808,-0.17202787808137443,-0.019064215672992192,0.04169392466093572,0.0009808163688970629,-0.09736305556274988,0.033448544134856234,0.23249653132024112,0.034926829380586666,0.34900917939242204,0.0450563277331667,-0.0337592823576732,-0.055071321188218086,-0.06951047312438491,-0.2033696501710542,-0.12421556142937847
co2_return_1d,-0.009660136364897272,0.003155197473694514,0.009245671177127157,-0.06693426473120272,0.13789016114399238,0.22835755110603687,0.016724200260020576,0.118069579793134,0.0014472127362868525,-0.12699303076675547,0.1196666150719779,0.06654468496647298,-0.3396397242958021,0.32415159253697884,0.008879712750407609,0.006707664738655287,-0.18694112828183537
brent_return_3d,-0.014594562796046982,-0.028034385755180947,0.0034626481321043453,-0.025633616574451464,-0.07260035023025461,0.0481727745037463,0.025920114417682844,-0.011576659679852818,0.00947424116606987,-0.1829846282107668,0.2973680136098534,0.1771988219780817,-0.16813198667243714,0.5036044872936651,0.22205780745078396,0.12106304587779805,0.05249295579637536
spark_spread_proxy,-0.09961651019845814,0.14700004910857523,-0.07938045681037133,-0.03434055253873287,-0.07387407792849196,-0.013694706553840237,0.0693267984708577,0.005463719921546334,-0.1807984391396735,0.03572410145376006,-0.06700080617939214,-0.0670469807323648,-0.01761830826009919,0.06299718459893205,-0.018803050891570527,0.2013010434442064,-0.0029955773948297376
co2_gas_ratio,-0.11054863629527178,-0.09485088603707854,-0.11908123471395358,-0.034149676783514785,-0.09355048604739798,-0.042178586212913566,0.07494275129681847,0.03897041509248355,-0.13637638552470963,0.02930122833275981,0.030822507256592857,0.009433429604754073,-0.01769420987093323,0.0631296159667874,-0.07769918204249854,0.21313301506677607,-0.10767564674675809
wind_mean_t,0.16823143728257794,-0.012965070491886945,-0.07597853989285766,-0.02613060987515482,0.0222954525747737,-0.00941012569655386,-0.002357662336042247,-0.04808791757950407,-0.051152102242214705,0.006382624192918108,-0.014803298737397164,0.05923772912581243,-0.10634689388093149,-0.02224690656214079,-0.060980775693933564,0.0218417357764814,-0.018195348120278954
temp_mean_t,-0.10858430172276631,-0.0878797121774268,-0.09558269743646465,-0.12865923111138106,0.018640416979629152,0.002720534836040035,0.06518115375502617,-0.24105341980224498,-0.12714488400999283,0.013257902379836931,-0.01101191194353951,0.12264867998627343,0.011831402989225942,-0.0011279024694508255,0.018463580647208627,-0.014455679699016,-0.005612226884097418
solar_mean_t,-0.12118412637883898,-0.0668998998346265,-0.1791238931176382,-0.0029093458044170584,-0.0866830976736961,0.03865224995201622,-0.015183886321990804,0.09930946791736993,-0.04234124961907898,-0.06535263886203391,-0.05350417230880336,0.10464726117608192,0.03465238106401736,-0.031910054810341204,0.050595643598821516,-0.026937342455874813,-0.008397849259513146
precip_sum_t,0.05550466039200674,-0.0012327599547710235,0.0543130213159569,-0.15767479461710718,0.020076621833867624,0.0023033537429505537,0.0006189651735515665,-0.22933393638649216,0.03215865789806109,0.14907546603716562,0.26175174365052906,-0.18713944696490187,0.026017878524691118,0.10048760757059519,-0.15554035554358903,-0.20054035968306338,0.023297256792392307
temp_sq,-0.11665014970198288,-0.07068712385685208,-0.08123833649540221,-0.12390408632721715,0.026596641634597008,0.007027578895693973,0.05459928233573776,-0.23738259507822565,-0.12966101600993177,0.054034855538152564,-0.0214771328329325,0.15620632769153,0.014283998246177057,0.026002291398552868,0.0440331526629239,0.05193293279871279,-0.02162718303650757
wind_power_proxy,0.1429099417204271,-0.015054702215084535,-0.06079751009757545,-0.007167721078866267,0.012192869201505373,0.016961672152989386,0.05400832916165574,-0.07304389562909724,-0.04557717908033286,-0.005523919863712326,-0.0188196550890241,0.18836834533598878,-0.1501953900313901,-0.05449119623892654,-0.02550459559478707,-0.051083247405092964,-0.000166664024439378
wind_chill,-0.12659101864306702,-0.08103052139956925,-0.07924386998721976,-0.11760469121810493,0.01437971628335584,0.003918023976181503,0.06182123405820438,-0.2204668176252246,-0.11258167612852472,0.011588669047366145,-0.008260406999434878,0.10717901910957768,0.026437882693019058,0.002132098522479378,0.02617641091496456,-0.016773202962243147,-0.00267981707812881
supply_margin,0.14276996294424127,-0.009529186516871947,-0.16142144605475034,0.002358078560863892,0.04303630532318848,-0.054946900455040665,-0.09286045213010312,0.05443313001704625,-0.032960656477504034,-0.007151378633947526,-0.09215886794547173,-0.02201312940996985,0.006189840435347842,0.026931738561523554,-0.06287145495198666,0.07519643472717469,0.02073098919933858
conventional_gen,0.050103631703574895,0.12590678236407735,0.0955142661344811,0.08107323421594292,-0.05842090809258317,-0.02839346025947862,-0.08340219687784947,0.1749460038902109,0.07620598972951591,0.11625611335416483,-0.14771229200326014,0.00012162713501214401,0.025772442277320885,0.043381480806641746,-0.0700214314459432,0.21503939298004987,-0.008718887987348795
load_overnight,0.1251661805218894,0.06510891435767452,0.10195142725538375,0.031848887161176134,-0.18083777490100258,0.1220659144075762,0.02842429155246042,0.06842151552188655,0.06636808267820661,0.018297564365884176,0.016601932050946726,-0.015160895018002652,-0.0788081149039008,-0.09047213366095792,0.09683826722693309,-0.07310931377839702,-0.0033075539126211084
load_morning,0.11175354213661105,0.05940751221591864,0.09646583482426838,-0.06026983924323033,-0.2764835265754559,0.128270088112662,0.02457015765296058,0.036949139077688355,0.03952575241443155,0.05375536421750949,-0.007421622788720521,0.02216655423569059,-0.07168186173326822,-0.05684586375914247,0.026767545324737702,-0.07369116490955485,-0.017089732538068794
load_midday,0.12759761247497828,0.051850425557140485,0.11110458386126816,-0.06391026434358381,-0.2142774835912578,0.1088384573170718,0.04086712771861428,0.049638754594223,-0.004225679925193708,0.1063780000290771,0.009632091602082586,-0.003857640190147746,-0.012130566844027968,0.01272569185458526,0.07225552452216805,-0.07145074995552725,-0.0006564183794594558
load_evening,0.13222183318621375,0.07138959346359386,0.1250510404336321,0.004598026276481216,-0.12162356503714236,0.08468883384856654,0.03978131689750233,0.08162612176015854,0.02881299560010613,0.12000177600019915,0.015561003994188905,0.06781327341899096,0.022716519252920977,0.0011176900036798097,0.14257171619568448,0.05424174732690427,-0.01222272528705208
load_night,0.13041195009830336,0.06668932020603158,0.12121136390136203,0.010632934947794251,-0.09153032401191884,0.0807508126677121,0.05162408470791133,0.12612486395199687,0.036508130148589536,0.09514387884937257,-0.003093888884288818,0.053522829012041216,0.008652647254546376,0.00481824993714008,0.16126570554354996,0.05792903863221418,0.0087587884145311
solar_overnight,-0.10433634950990478,-0.0650332141092864,-0.16023061976857642,-0.013297933757426963,-0.09824873727131751,0.048441444202945716,0.006828533339009628,0.11760712591695668,-0.0713575072639347,-0.06597126817672899,-0.14530977428551733,0.09424117917376182,0.04787851269494278,-0.05739626133701769,0.052755162674534666,-0.05616472872337685,-0.001090589416230095
solar_morning,-0.10839609803455408,-0.05100771208560469,-0.17576299382111185,0.0304069365319076,-0.09870964058934426,0.02800510303534271,-0.030874766859392697,0.16302074626200383,0.014747434740191995,-0.11444115336053456,-0.09087948891588807,0.024091463911269564,-0.004008125953855743,-0.028072372800365043,0.12092042190779242,-0.1560947592553366,0.06147018009778617
solar_midday,-0.10330691819221381,-0.04601492055960272,-0.18385208695739938,0.04295360581406917,-0.09075021541555552,0.025661726218466543,-0.04744321782248041,0.16210451659531983,0.015990084080349257,-0.11642523838387832,-0.0807934139205906,0.00818109930826815,-0.021824239481472423,0.004296173249268221,0.1334047493993854,-0.15864608005848754,0.06472080210238321
solar_evening,-0.10676385620217624,-0.06634340380760527,-0.17252435723655252,-0.009711347044751325,-0.10123033417967824,0.043771772624517424,-0.0034577578238149283,0.11746609683155187,-0.07828769408860733,-0.07855480923535617,-0.12551228616407453,0.08633725399066669,0.05652458314168004,-0.0446104530997373,0.05545699642330321,-0.04794583999166992,0.00666282783256214
solar_night,0.009617562804620264,0.025820120367043273,0.02217563578104072,-0.03209785053704205,-0.023864021780040236,0.015003505028881734,-0.04197615690971383,-0.007270322450195455,0.07903846747770572,-0.15686041634197995,-0.10050721139551601,0.11732265384772946,0.5092996270416347,0.46011582545141344,-0.1548649157127196,-0.1553785494042627,0.05253030619046339
wind_off_overnight,0.1538413179728302,-0.0377431670490905,-0.06115976598978341,0.07386768399694067,-0.027162491363335522,0.040505155517695374,-0.08962131860481742,-0.10961999373015045,0.04743819186311172,-0.005987764650433438,-0.06602460199454184,-0.013901841351689247,0.030260953009863555,-0.003506799349955127,-0.13695933313254052,-0.004734621839338024,0.04121328015603109
wind_off_morning,0.16524274072533854,-0.005805008921888319,-0.06343758230822691,0.008365430807468965,-0.0023546645770503197,0.01991610519474258,-0.11216320283444718,-0.08588207014194311,-0.032533008706234476,0.04103047804289381,0.012292800745322153,-0.07309803332382678,0.0964801774803723,0.04881412468655604,-0.05735930725380569,-0.044296953092604785,0.027698309435757885
wind_off_midday,0.17070386101554724,0.006603331803919102,-0.03991849115413281,-0.04771464561203411,0.030738765359994993,-0.010478238486993202,-0.07017168597195922,-0.03879415367789921,-0.05049978511640043,0.0824625391775265,0.06622653442716571,-0.10224667722099635,0.1041153323844427,0.0071157349151763135,0.06459754398397945,0.03511298495133666,-0.00838746473807687
wind_off_evening,0.16250886500327283,0.011384084323531374,-0.03988892568809662,-0.12647061744018534,0.03743656191235795,-0.05070353326745231,0.008416320724914786,0.030797597188659324,-0.022391399625460873,0.01486672106187918,0.03314908828431541,-0.08381437909851934,0.09031276506360189,-0.03248190821807562,0.1152749840994751,0.03628887483881628,-0.022603113516258273
wind_off_night,0.14179982926187962,0.01110979845715896,-0.03690857334138647,-0.1837095847423757,0.06252147718801829,-0.09867535036171234,0.09875374849019114,0.07846173354940994,0.03446350958698935,-0.035021609570419054,-0.05584857750544027,-0.031078185386365954,0.043395828933346606,-0.013898601020431934,-0.0032470329043163717,-0.07944488131424324,0.023952480655911546
wind_on_overnight,0.14946796964380965,-0.0351782518450215,-0.07992703640392403,0.11378868404200734,-0.027006884569626015,0.05919489206674963,-0.037484503158477074,-0.13172495571249898,0.04575659387034759,-0.018911480930219084,-0.07524783871217089,0.07722976313144407,-0.07405166536170794,0.013000780836056904,-0.14811906378188722,0.02957711609818653,0.024868932445807203
wind_on_morning,0.16011381686554038,-0.024794610952009844,-0.09993991518716953,0.03822463586824786,-0.030469746266699228,0.05385809846493037,-0.0888167030548881,-0.08695682141937726,-0.07939537462581045,0.04094965585200066,-0.0025406573675119132,0.014738730252346758,-0.07874600485448789,0.02710728819009938,-0.05956113630058916,-0.020435221207934742,0.029945648073896266
wind_on_midday,0.15876819892919203,-0.01592774733699731,-0.11623790974863624,-0.04380379396071049,-0.002417256910788065,0.01887421893279425,-0.07398680996810943,0.0030085304809541187,-0.1138169407519442,0.06877790778107357,0.09372957365140923,-0.014956744080427855,-0.029925267251763272,0.020596318116230274,0.08334949008004242,0.02168062400116362,-0.02378574755930904
wind_on_evening,0.1578254481553882,0.0016990178683923053,-0.08369151796406978,-0.14623262012656613,0.044300721549230516,-0.051630742612669756,0.05239300115273572,0.05248322530601488,-0.0647316369696498,0.004083048264044167,0.04045338692763468,0.035035128347711095,-0.006488665429125385,-0.026860444795194276,0.09176308406995638,0.05349965706471631,-0.030003511404591284
wind_on_night,0.13948404385910995,0.011454527718957708,-0.05520335224563326,-0.18988232463302673,0.08220178045857995,-0.09699009690837944,0.13649727110036786,0.0687141705381837,0.012642973944710504,-0.07786428178564839,-0.04784274350414304,0.06845872791768673,-0.050169806111968605,-0.014725330659126455,0.02946843803765164,-0.030384882539468548,0.010139458363849555
gen_overnight,0.1577769776553754,-0.0067101531261472055,-0.07376626191684851,0.11536599406694906,-0.03654764286697658,0.04580274240291511,-0.07766909140161779,-0.06305255621885855,0.06420398554253208,0.007587320825669966,-0.11105980406941249,0.04118369386131491,-0.03995654887716821,0.008781217315987,-0.16564205570686596,0.05967330251667224,0.022857272807674255
gen_morning,0.14887033372635167,0.007754931732581023,-0.1235912834120282,0.05712528697185384,-0.09087610584678166,0.048250354750931965,-0.13801046671463355,0.031862161054481794,-0.04159442125721984,0.046212288262984326,-0.07383053920583721,0.00927457529629691,-0.027418400482165185,0.029588642141728558,-0.026603217933911426,-0.0073618297758154365,0.04426393172277955
gen_midday,0.14343311644637474,0.007519200806816052,-0.1449423711285236,-0.0067678829340595175,-0.058005290965550065,0.011155954898728643,-0.11903428575534196,0.10065331906007473,-0.09485535149309894,0.05245439983041436,-0.01648674877589887,-0.01885648093097707,0.006071113377745589,0.04813822233511776,0.1193538605302914,0.05527763019981066,0.009923209087404912
gen_evening,0.16649359257159943,0.03892535765839767,-0.04983788897810077,-0.09613878745437628,0.01039603653650984,-0.053002683617678736,0.009634069040170704,0.12040542367213904,-0.009657927363840541,0.04292937706698091,-0.021345337402368207,-0.008015950306274295,0.04316746382900935,-0.014531937601116414,0.0721397334963231,0.08580674954774284,-0.01908796688404418
gen_night,0.15158475257052975,0.04031261485499526,-0.03441053688673927,-0.15187310630240894,0.06618908152340698,-0.09983326132094196,0.09072265630650504,0.11911739584677244,0.056431750241174757,-0.03425822900253496,-0.07365786787270308,0.03318787363107056,-0.004241271456299577,-0.0073639032752887456,0.014018650572120482,-0.0008544811850876161,0.012111083286306189
wind_total_overnight,0.15470223096666003,-0.03687104605051897,-0.07639162939496114,0.10479298018752932,-0.02776218751949006,0.05513878877966011,-0.05411554974150145,-0.1285468897464803,0.04746183548773827,-0.015528953010751596,-0.07445405806468193,0.05190527655485214,-0.04468784735487036,0.00838756374793132,-0.14865607532562644,0.020055361960567786,0.03042677785936569
wind_total_morning,0.16631941829811142,-0.019350094795190547,-0.0909583096754361,0.029642051510103264,-0.02223173311924803,0.04439738560294921,-0.09889683893830847,-0.08907720109670328,-0.06647628444733161,0.04213822073450231,0.0021899088598107746,-0.013282140216620235,-0.024247639164910354,0.034904860824709845,-0.06053894389676226,-0.028741099274866743,0.0300680557212255
wind_total_midday,0.16734979293813015,-0.009458494652423604,-0.09624476789833741,-0.046362295513871846,0.007750733740905068,0.010388548976090857,-0.07508908545606778,-0.00981234650328174,-0.09776580584978947,0.07512560350299494,0.08812283628330653,-0.042383300991989864,0.010559829849895008,0.017066852105562334,0.08012613398776021,0.02649849113816163,-0.019762191188569193
wind_total_evening,0.16361598254222567,0.0048354303400152425,-0.07199385246319628,-0.14390791142958917,0.04331653577867143,-0.0527403612125593,0.03978780246751528,0.046992770776044905,-0.0529844438135132,0.007634883768944332,0.039224038700560016,-0.0019318518329306407,0.024220624664692648,-0.02938523288843641,0.10176281641365499,0.049464636581627246,-0.02845904160807846
wind_total_night,0.14368329653616355,0.011638090113858603,-0.05107272343717364,-0.19278710940232424,0.0783310415609438,-0.09993264938372151,0.1285429358700339,0.07337794235150247,0.019539602516483814,-0.06690079132100708,-0.051457486359606,0.04016480094553892,-0.023217284250538987,-0.014845657049148009,0.020343767010276428,-0.04594002784079977,0.01455883645863784
residual_load_overnight,-0.12549725529551625,0.06529588912566568,0.12531806608851653,-0.10503604155287447,-0.025614589089906274,-0.0223484523014628,0.06923284828858668,0.16062089712218008,-0.027553034642887168,0.0260268007826697,0.09404751048441169,-0.06647492638859599,0.021278821769970733,-0.0371841349000294,0.19506217242239218,-0.044373889829400964,-0.03480464989054652
residual_load_morning,-0.08489788813867241,0.06906431859542508,0.2167029182165821,-0.07177758302143519,-0.05519469594183054,-0.0037718477300685395,0.13147529374757785,0.043022996076527924,0.08326428402953975,0.027029415871896587,0.03336818716481769,0.013840752922977054,-0.00350164153371623,-0.05088125561344905,0.025620732150742547,0.06578310328842454,-0.0665665546421831
residual_load_midday,-0.07906849901481403,0.052813729098642806,0.2368725501667896,0.0038633508280499947,-0.045141780271440585,0.017742490753087942,0.11959445376241652,-0.051051669413905966,0.09511781829377701,0.018079950876134586,-0.05053011674178147,0.039840220794030316,-0.005101781213984803,-0.015542182631295849,-0.12444239510038747,0.023127684496207335,-0.011246436104330237
residual_load_evening,-0.12155934151611879,0.031499972770000995,0.15351128869253172,0.16883740421428967,-0.09192296665911047,0.09267924135432695,-0.028524530053029847,-0.030897416067663698,0.08114136557170364,0.050259641652409606,-0.02616267206605769,0.022680553913202905,-0.023801032293128254,0.038765913009703404,-0.0618601386095395,-0.029101936904227563,0.02692709794657243
residual_load_night,-0.11669333849462293,0.008726987459318379,0.09575293657200137,0.21669236798369856,-0.11629077795449894,0.13669363613392677,-0.12546498726778393,-0.04031474025067117,-0.009788669571943074,0.10481783764081631,0.055916815675008766,-0.02709195364265097,0.028483858696687646,0.017981787718981054,0.029730122457988516,0.06957874974498904,-0.013267118220938642
evening_ramp_load,0.006337908234942296,0.047647883310561086,0.030836599449445914,0.17758515141032688,0.2456493276405748,-0.06629598312434498,-0.004521286816379957,0.07951315264847508,0.08450296660168438,0.030215454163592708,0.0147194201325284,0.18308522510145517,0.08945694231173087,-0.03017114269078702,0.17636827282840026,0.32385480603186945,-0.029491664438914794
morning_ramp_load,0.03565027482776552,0.021580716216518636,0.0419851040566852,-0.20206820372446857,-0.3252896014142108,0.08066883782908948,0.006172152463312706,-0.03797147691848773,-0.02805956061512991,0.09427597954305766,-0.04821824064116051,0.08066244451888378,-0.02558524603042261,0.031193425771282195,-0.11450229971978079,-0.04085554219041283,-0.03459033014604728
evening_ramp_residual,-0.04234981111998036,-0.03814783844948286,-0.15474268287385703,0.2198391938660428,-0.05428729351539869,0.09693573627709169,-0.2198750873385057,0.03627564627985015,-0.03607232646545104,0.039714306378377695,0.04181270578981936,-0.03022283821557245,-0.02406545270417881,0.07544290676632513,0.10641160563750875,-0.07405096018572,0.053088151539590296
night_decay_residual,-0.02069560047430008,-0.04364662186646188,-0.09145188143307414,0.15316719873410817,-0.07954875238637993,0.1245060390177478,-0.2283109640998614,-0.029532972353253636,-0.1859458204768875,0.13743676980719952,0.1801562779826829,-0.10746373732564335,0.11289459310604474,-0.03721585972331794,0.19249101865144247,0.21720926571219887,-0.08453187365787714
solar_concentration,0.10700686416116412,0.06444500135609167,0.12398655904279966,0.0894023228364406,0.06931990977014435,-0.0030859113531542318,-0.06695677554164674,-0.021573252380451526,-0.0015528130040599972,-0.01713421965715872,-0.11016047938867651,0.02753228552228095,-0.049165073692491526,0.11590646927068739,-0.022356451175342004,0.014948171160009502,0.06191080629167112
wind_diurnal_amp,0.07082367700090977,0.01731268850280421,0.011062826864693487,-0.06315446102744994,0.023876434376284384,-0.02901002564465267,0.005357943156189717,0.08965171597432416,0.018960849819513372,-0.015934006613637048,0.3214074285918764,-0.33329290786487503,-0.009597679168075742,0.06544826203684545,-0.16155495915177334,0.11498145150940993,-0.08903092849920718
ttf_momentum_x_rl_evening,-0.006335107336304365,-0.03207138306491125,-0.01988103450982291,-0.08186019922172266,0.18570097420315335,0.3590357044043473,0.042541018771871865,0.042942254407022235,0.05699286788739373,0.01632718256334713,-0.15933566086880158,-0.10620257965255084,0.0928577184089998,-0.08404142814567138,-0.09284831907514164,0.15222933922948503,0.04306595546129771
ttf_momentum3d_x_rl_evening,-0.01069443316112134,-0.022321561715807677,-0.05432139657533821,-0.09430161076289663,0.15919014241001977,0.31595232412324004,0.029056076646129803,0.028087586350646402,-0.010039592712679402,0.06551330871400445,0.012545627709087155,0.07125043257138511,0.19165803546719418,-0.1772691101373892,0.07903338404934789,-0.010705625984298417,0.07231442563819886
co2_momentum_x_rl_evening,-0.004347408198593283,-0.010907177519328856,-0.004892020069978077,-0.06465185080085709,0.15228681094900576,0.284331715911661,0.012432701100785724,0.09447534190504338,-0.02956644392580034,-0.14817014315663798,-0.11638997660532546,0.0033911457178127744,-0.2557632742934945,0.15628067552210217,-0.11288936118180706,-0.03688304830645606,-0.22135949105236635
commodity_momentum_composite,-0.006470718890059414,-0.029793991683138246,-0.01797019891742306,-0.085875496540335,0.19631103623335264,0.3768525347722306,0.03897683865329537,0.06121720408346266,0.03987716206956968,-0.025873721462973134,-0.16462798951859609,-0.08811269110800451,0.009547883925339184,-0.028718385551427535,-0.10796427454530967,0.11775012351331021,-0.023001883994125984
is_weekend,-0.031707256099399866,0.0020212611869217293,0.0026183448706882232,0.16417358018948275,0.3639338451633133,-0.11603379516257648,-0.042788139733673396,-0.024479414902949477,-0.025027735025966853,0.016607077937349838,-0.03288302441013134,-0.10813005694063073,0.062293616628373544,0.10766132590530032,0.14600073197296404,-0.058435645812939786,-0.08263303195477588
is_holiday,-0.0047231380929009786,0.0033421237196398093,-0.027994964779482764,0.016954642084328845,0.02497612764428665,-0.061533906968985974,-0.0027555922545958395,0.1132366472515508,0.10320748145772299,-0.23539366253102376,0.21185036324274892,0.04883144320198732,-0.10177326529994643,-0.022425343912235367,-0.12820295164990966,0.25565239032352893,0.7577000556358006
month_sin,0.04350791580080069,0.05513607990555171,-0.10010353745450468,0.09962041374196903,-0.040254047161722054,0.001834413096688718,-0.1068249986375771,0.2934546460474437,0.26135284109658824,-0.02014084800654054,0.05896900601953451,-0.05025064053617955,0.009829704662460631,-0.024136653250390733,-0.01327691310054069,-0.18181978138295404,-0.056083215367498544
month_cos,0.11837684070279235,0.059842095704333326,0.192929935599435,0.050234060650542235,0.0715747399959949,-0.009376426262148088,0.009264013314994737,-0.03550391782246441,-0.013351434680541152,0.00022200750353425073,-0.06509121107175761,-0.01618112018893427,-0.030865407143378484,0.027885104213834746,0.06686709914548988,0.06541534676118121,0.012252660451170586
dow_sin,0.03251645793932804,-0.0019188398434806465,-0.008660033729766838,-0.14874534464596906,-0.33460060004983855,0.10490458408181,0.08506268280322049,0.052251675516573705,0.044208182671510346,0.05224733385373073,0.039086218955953635,0.07961144992632659,0.10093357960758757,0.07614149377164688,-0.10953818162922388,0.14048581986789144,0.0470076257897379
dow_cos,0.0074809337748849,-0.046493679313173,0.02955683846905292,-0.023479043318729114,0.10468447888671585,-0.08823749860014131,-0.01217893049988867,0.0838933148671351,0.07903202473206522,0.396190261648702,-0.1682006109277719,0.018424677388749554,0.16558361236299352,0.3813693738428256,0.06818750718743735,-0.03182373484776134,0.06829823625357911
pivot_hour_h00,-0.04850951414928182,0.14610510561089168,-0.14260524338439745,0.03782149700139007,0.01408198120002569,-0.006808547935952486,0.166398584073849,-0.023891286263754783,0.07083127829186059,0.19639457425533,-0.0631780127949002,-0.08267812138702708,-0.060679875784210885,0.0739667964637023,0.0006885809585693585,-0.017430079593667706,0.0739707747677053
pivot_hour_h01,-0.04800765859225191,0.15013326324459808,-0.14442128513821106,0.03807432898732188,0.013863508266849843,-0.005284655225863236,0.1613095112420058,-0.02162585084708,0.06743377939186254,0.18586745431442186,-0.06852776302487538,-0.0827375664774074,-0.0596135530035284,0.07488923679682463,-0.004696384560289036,-0.009444804211995568,0.0721362433298127
pivot_hour_h02,-0.052464017155641016,0.14972097609772334,-0.14944769218583204,0.03505340180999787,0.006197741258605072,0.001265081525192699,0.15403604919396818,-0.019230816373948526,0.06077268341484924,0.16762627811296366,-0.059074782207767434,-0.10436412221008262,-0.05949364472601295,0.07618129861215973,0.004743497190914126,-0.002751009895283249,0.07174288112330472
pivot_hour_h03,-0.058999576118959486,0.14898166542859614,-0.15817869852595473,0.021132627474022198,-0.005543053300371436,0.003619354998921502,0.142156753649711,-0.02347741201546054,0.046215988396595485,0.1277845215581718,-0.05004316772227958,-0.0984921752305649,-0.0418539494314072,0.07141559071604263,-0.016711200442285398,0.007865402006395357,0.06359972746665479
pivot_hour_h04,-0.05990501286813276,0.14339929644698501,-0.16690960720472495,-0.0012146492750042914,-0.04274843727993337,0.0332964252928983,0.13680409250832157,-0.045187189572888344,0.025191183950670635,0.042535180609743956,-0.021604485849435712,-0.08634378428642983,0.017512084211241227,0.046022069902452674,0.006937796200819522,0.028513758288493285,0.046604346018574126
pivot_hour_h05,-0.041442332881425535,0.15762476213375265,-0.14649608450765075,-0.017855205992352234,-0.058395603261565364,0.04534410917235454,0.1072194462067349,-0.07713391207240294,0.044543297124245824,-0.07705319775718161,-0.009646845861050201,-0.05633850342862397,0.07153368952981101,0.04251362646410629,0.014669718794461996,0.015744534945526766,0.022033397844381734
pivot_hour_h06,-0.017734344391201716,0.18098946267882382,-0.11253488483902344,0.01124714056884004,-0.05717692916962352,0.03774321849959173,0.07397334661549643,-0.07275630368047237,0.04838569872081886,-0.10624871863240183,0.03180691975870213,-0.030486324007005645,0.08718766731256615,0.04000464072671544,0.02834710843637682,-0.02605374925610155,-0.03982431596837498
pivot_hour_h07,0.01031111065137492,0.20109168037610126,-0.06228266401362357,0.04259927152609803,-0.03405899988823961,0.03054651189708355,0.03130469383309612,-0.04852836507628659,0.025186103024500653,-0.07557432759942803,0.026821269047076067,-0.0008610588542360612,0.08955715720225293,0.04201672499724409,0.04921108374023757,-0.021502440201889954,-0.05620181773671283
pivot_hour_h08,0.019581805162677175,0.2097229713558547,-0.02888073908901946,0.054280767508314856,-0.0061724261071284085,0.019846699128216194,0.011184771441485773,-0.042022045745456614,-0.022236822512626448,-0.06411853032118534,-4.35399622892809e-05,0.03797709656646614,0.06126148281913257,0.03255738648511608,0.03365769206192136,-0.011329073336815418,-0.046733982332216824
pivot_hour_h09,0.02348094160978598,0.2089075914676914,-0.00734812956920152,0.06098288925530519,0.011870582369656988,0.02416194813871222,0.011828789297762415,-0.028107715835494276,-0.0704076818988107,-0.07491531707482031,0.009726525239437287,0.06922652133653556,0.05595834985937569,0.012195743544624079,0.012971171865083304,-0.00019262833162289605,-0.0491467778177214
pivot_hour_h10,0.028745512323030666,0.2066271186545919,0.011192764051074016,0.05192346537314567,0.02253425599699702,0.024327197338357094,0.00663360480612555,-0.028395385773850708,-0.11304596125302474,-0.08337426304430438,0.021865101185578353,0.08367110270456875,0.0466559981315513,0.004991159137036792,-0.014021486970593347,-0.013609601981875663,-0.04747261441486031
pivot_hour_h11,0.03275055113344601,0.20307459216637644,0.022371924473300765,0.0532139227450071,0.02513361461841797,0.032757460892913155,0.0018693638788888497,-0.024151300481185533,-0.14046267905195822,-0.08798043225701783,0.04139016134087168,0.08993886691637513,0.0396161777727194,-0.006726089704934515,-0.04452453649989096,-0.019880223702255985,-0.03226904016278989
pivot_hour_h12,0.03287630499442249,0.20095151339949763,0.03051989687568756,0.04866209040747448,0.022276620685120294,0.04164166175853356,0.0009466690289661175,-0.03151552977778194,-0.15754769225188106,-0.08702460175173245,0.044662129976575315,0.08990190605192008,0.03479650523129369,-0.01767739589930273,-0.04969093313229272,-0.022728972006346746,-0.007796869175840582
pivot_hour_h13,0.023480398705363,0.20498533924413803,0.04085973335666848,0.032033055696705316,0.024765578177530785,0.039010285432733355,-0.006186022952860274,-0.032982735096692584,-0.1492664611697169,-0.059173098352790526,0.020347429812491994,0.07643095960595525,0.03326363369077402,-0.01043249509760938,-0.029500130147938466,-0.034995841645290474,0.011047617753376076
pivot_hour_h14,0.009952952454594547,0.20540241642246626,0.04381665845307355,-0.004868412554593826,0.02433925953317696,0.024495168044583876,-0.047308752893750125,-0.04832978731496583,-0.1248490701928504,-0.06444660507776845,-0.031698394656058296,0.02555545891506315,0.02013021833749306,0.0006026842033966776,0.033757528927295076,-0.050818386624178466,0.04329050850420831
pivot_hour_h15,-0.010234504174641716,0.19665976399920984,0.03658902510762143,-0.06082344882080237,0.01763826621356307,0.023850250426296418,-0.10698246197011295,-0.06636072949038474,-0.07654042095428658,-0.07399793623610625,-0.04905943440148709,-0.061371719451319355,0.009039696656126875,-0.023917988904537644,0.07112917238889237,-0.024643346771197023,0.08718982620794836
pivot_hour_h16,-0.031043122566346452,0.17878377497061185,0.03061192201071679,-0.11689411009384522,0.004691391513567135,0.016845308591676763,-0.15161448958122395,-0.08053307283209758,-0.026598361873492425,-0.05085507521949193,-0.05272232361021367,-0.08344631436679817,-0.030721056656168085,-0.007523133935617519,0.10793104150121875,-0.033859035309184105,0.08703365829934022
pivot_hour_h17,-0.06588550106328576,0.14069483840969638,0.014649205252812119,-0.16143843467972346,0.0022190723411149994,0.004124546964674338,-0.16890839658247325,-0.10708958501210455,0.01846491709065917,-0.03539770266512286,-0.027372350630967004,-0.09540814066852453,-0.07708071381103161,0.0386717504688353,0.12510268356809712,-0.0013347226366504927,0.05823191494843512
pivot_hour_h18,-0.10306652928451665,0.13355470190906107,-0.034260961046333846,-0.15259061453840245,0.008055568040532311,-0.00611594276586556,-0.16004604922151075,-0.027922358819354953,0.02389407503440795,0.014520171031581777,-0.010436955171911814,-0.004837083361167366,-0.05073160973691235,-0.0034638759298466822,-0.013592199702061134,0.04528525484790611,0.009027586989549431
pivot_hour_h19,-0.10667629353708638,0.12714983448301512,-0.052452857989631355,-0.13694327849593135,0.00921362748259281,-0.023258103229398506,-0.17124197931554325,0.02558038059564007,0.020955670155577283,0.030569345448914167,0.008502687505976625,0.03179002727438743,-0.014179993378817908,-0.05560960008565038,-0.110738746720631,0.03720922947353596,-0.021411850986564035
pivot_hour_h20,-0.10311825513793223,0.13136629378868456,-0.05138993838824336,-0.1325099417938434,0.016064736681260586,-0.0386472549020989,-0.17270592597806733,0.04416619032681768,0.030222323202550982,0.044591343629664916,0.03201049950728402,0.01552404303307298,0.0009734989705628403,-0.06062651871039204,-0.14536694006650785,0.024003993894109822,-0.04155371227531545
pivot_hour_h21,-0.09635390562305599,0.1370464201671869,-0.03470321787056682,-0.11906451443670668,0.029229261139908105,-0.05084362385113197,-0.17774265186405713,0.07870337557700866,0.04799653447605954,0.05052550990627232,0.020173924429078147,0.023490877880700714,0.0016226278685383354,-0.05035134228680944,-0.14959987764029967,0.03882113058500334,-0.05420956978211257
pivot_hour_h22,-0.1006196372385299,0.12006448736122473,-0.043564839488758264,-0.11402748731809756,0.020633541862731287,-0.05947112176599266,-0.17052721503074295,0.10408023856493359,0.026740902637295668,0.03355389747061016,0.029014976108635723,0.018537119008063138,0.035206927082460135,-0.06639059675330466,-0.12092130328225872,0.05994198046099745,-0.052447757143645746
pivot_hour_h23,-0.10269789278841522,0.11860777294449841,-0.04448591844199476,-0.08988475370792949,0.029018233517677666,-0.052307324602907095,-0.14564541220090843,0.12445796356346037,0.019130513747172794,0.05269563626219609,0.021148596051913885,-0.02039665221722546,0.021533572971539128,-0.03830095673454411,-0.10681485792736432,0.11490589468521602,-0.06782652277188547
